wavelength,R,G,B,A
434,0.06581168286116065,0.0,1.0,1.0
445,0.0,0.27594593229224296,1.0,1.0
465,0.0,0.699751727323698,1.0,1.0
472,0.0,0.8197391595489589,1.0,1.0
490,0.0,1.0,0.619855061153859,1.0
504,0.10129069733744248,1.0,0.0,1.0
537,0.639101094125797,1.0,0.0,1.0
555,0.8721740830131383,1.0,0.0,1.0
584,1.0,0.7318658046692071,0.0,1.0
600,1.0,0.4951768422652541,0.0,1.0
610,1.0,0.32581066839450723,0.0,1.0
628,1.0,0.0,0.0,1.0
651,1.0,0.0,0.0,1.0
674,1.0,0.0,0.0,1.0
